<?xml version="1.0" encoding="UTF-8"?>
<project-private xmlns="http://www.netbeans.org/ns/project-private/1">
    <editor-bookmarks xmlns="http://www.netbeans.org/ns/editor-bookmarks/2" lastBookmarkId="0"/>
    <open-files xmlns="http://www.netbeans.org/ns/projectui-open-files/2">
        <group>
            <file>file:/D:/meu%20ISEP/DEI%20-%20PPROG/PPROG%202014_15/Controllers/Lista%20Telefonica%20com%20Controllers/ListaTelefonica%202.1/src/listatelefonica/ui/consola/ExportarListaTelefonicaUI.java</file>
            <file>file:/D:/meu%20ISEP/DEI%20-%20PPROG/PPROG%202014_15/Controllers/Lista%20Telefonica%20com%20Controllers/ListaTelefonica%202.1/src/listatelefonica/ui/consola/AlterarTelefoneUI.java</file>
            <file>file:/D:/meu%20ISEP/DEI%20-%20PPROG/PPROG%202014_15/Controllers/Lista%20Telefonica%20com%20Controllers/ListaTelefonica%202.1/src/listatelefonica/controllers/RemoverTelefoneController.java</file>
            <file>file:/D:/meu%20ISEP/DEI%20-%20PPROG/PPROG%202014_15/Controllers/Lista%20Telefonica%20com%20Controllers/ListaTelefonica%202.1/src/listatelefonica/controllers/AdicionarTelefoneController.java</file>
            <file>file:/D:/meu%20ISEP/DEI%20-%20PPROG/PPROG%202014_15/Controllers/Lista%20Telefonica%20com%20Controllers/ListaTelefonica%202.1/src/listatelefonica/ui/consola/AdicionarTelefoneUI.java</file>
            <file>file:/D:/meu%20ISEP/DEI%20-%20PPROG/PPROG%202014_15/Controllers/Lista%20Telefonica%20com%20Controllers/ListaTelefonica%202.1/src/listatelefonica/ui/consola/RemoverTelefoneUI.java</file>
            <file>file:/D:/meu%20ISEP/DEI%20-%20PPROG/PPROG%202014_15/Controllers/Lista%20Telefonica%20com%20Controllers/ListaTelefonica%202.1/src/listatelefonica/ui/consola/ConsolaUI.java</file>
            <file>file:/D:/meu%20ISEP/DEI%20-%20PPROG/PPROG%202014_15/Controllers/Lista%20Telefonica%20com%20Controllers/ListaTelefonica%202.1/src/listatelefonica/ui/grafica/PainelInicio.java</file>
            <file>file:/D:/meu%20ISEP/DEI%20-%20PPROG/PPROG%202014_15/Controllers/Lista%20Telefonica%20com%20Controllers/ListaTelefonica%202.1/src/listatelefonica/ui/grafica/DialogoNovoTelefone.java</file>
            <file>file:/D:/meu%20ISEP/DEI%20-%20PPROG/PPROG%202014_15/Controllers/Lista%20Telefonica%20com%20Controllers/ListaTelefonica%202.1/src/listatelefonica/model/FicheiroListaTelefonica.java</file>
            <file>file:/D:/meu%20ISEP/DEI%20-%20PPROG/PPROG%202014_15/Controllers/Lista%20Telefonica%20com%20Controllers/ListaTelefonica%202.1/src/listatelefonica/ui/Main.java</file>
            <file>file:/D:/meu%20ISEP/DEI%20-%20PPROG/PPROG%202014_15/Controllers/Lista%20Telefonica%20com%20Controllers/ListaTelefonica%202.1/src/listatelefonica/ui/grafica/MyJFileChooser.java</file>
            <file>file:/D:/meu%20ISEP/DEI%20-%20PPROG/PPROG%202014_15/Controllers/Lista%20Telefonica%20com%20Controllers/ListaTelefonica%202.1/src/listatelefonica/model/Telefone.java</file>
            <file>file:/D:/meu%20ISEP/DEI%20-%20PPROG/PPROG%202014_15/Controllers/Lista%20Telefonica%20com%20Controllers/ListaTelefonica%202.1/src/listatelefonica/ui/consola/ImportarListaTelefonicaUI.java</file>
            <file>file:/D:/meu%20ISEP/DEI%20-%20PPROG/PPROG%202014_15/Controllers/Lista%20Telefonica%20com%20Controllers/ListaTelefonica%202.1/src/listatelefonica/utils/Utils.java</file>
            <file>file:/D:/meu%20ISEP/DEI%20-%20PPROG/PPROG%202014_15/Controllers/Lista%20Telefonica%20com%20Controllers/ListaTelefonica%202.1/src/listatelefonica/ui/consola/VerListaTelefonicalUI.java</file>
            <file>file:/D:/meu%20ISEP/DEI%20-%20PPROG/PPROG%202014_15/Controllers/Lista%20Telefonica%20com%20Controllers/ListaTelefonica%202.1/src/listatelefonica/controllers/ImportarListaTelefonicaController.java</file>
            <file>file:/D:/meu%20ISEP/DEI%20-%20PPROG/PPROG%202014_15/Controllers/Lista%20Telefonica%20com%20Controllers/ListaTelefonica%202.1/src/listatelefonica/ui/grafica/PainelListaTelefonica.java</file>
            <file>file:/D:/meu%20ISEP/DEI%20-%20PPROG/PPROG%202014_15/Controllers/Lista%20Telefonica%20com%20Controllers/ListaTelefonica%202.1/src/listatelefonica/ui/grafica/ModeloTabelaListaTelefonica.java</file>
            <file>file:/D:/meu%20ISEP/DEI%20-%20PPROG/PPROG%202014_15/Controllers/Lista%20Telefonica%20com%20Controllers/ListaTelefonica%202.1/src/listatelefonica/controllers/ExportarListaTelefonicaController.java</file>
            <file>file:/D:/meu%20ISEP/DEI%20-%20PPROG/PPROG%202014_15/Controllers/Lista%20Telefonica%20com%20Controllers/ListaTelefonica%202.1/src/listatelefonica/model/ListaTelefonica.java</file>
            <file>file:/D:/meu%20ISEP/DEI%20-%20PPROG/PPROG%202014_15/Controllers/Lista%20Telefonica%20com%20Controllers/ListaTelefonica%202.1/src/listatelefonica/ui/grafica/Janela.java</file>
            <file>file:/D:/meu%20ISEP/DEI%20-%20PPROG/PPROG%202014_15/Controllers/Lista%20Telefonica%20com%20Controllers/ListaTelefonica%202.1/src/listatelefonica/controllers/AlterarTelefoneController.java</file>
        </group>
    </open-files>
</project-private>
