<?xml version="1.0" encoding="UTF-8"?>
<project-private xmlns="http://www.netbeans.org/ns/project-private/1">
    <editor-bookmarks xmlns="http://www.netbeans.org/ns/editor-bookmarks/2" lastBookmarkId="0"/>
    <open-files xmlns="http://www.netbeans.org/ns/projectui-open-files/2">
        <group name="PPROG TP - DST"/>
        <group>
            <file>file:/D:/meu%20ISEP/DEI%20-%20PPROG/PPROG%202014_15/Aulas%20TP/TP8%20-%20GUI/Lista%20Telefonica/TP8-ListaTelefonica/src/listatelefonica/model/Telefone.java</file>
            <file>file:/D:/meu%20ISEP/DEI%20-%20PPROG/PPROG%202014_15/Aulas%20TP/TP8%20-%20GUI/Lista%20Telefonica/TP8-ListaTelefonica/src/listatelefonica/ui/DialogoNovoTelefone.java</file>
            <file>file:/D:/meu%20ISEP/DEI%20-%20PPROG/PPROG%202014_15/Aulas%20TP/TP8%20-%20GUI/Lista%20Telefonica/TP8-ListaTelefonica/src/listatelefonica/ui/Janela.java</file>
            <file>file:/D:/meu%20ISEP/DEI%20-%20PPROG/PPROG%202014_15/Aulas%20TP/TP8%20-%20GUI/Lista%20Telefonica/TP8-ListaTelefonica/src/listatelefonica/ui/Main.java</file>
            <file>file:/D:/meu%20ISEP/DEI%20-%20PPROG/PPROG%202014_15/Aulas%20TP/TP8%20-%20GUI/Lista%20Telefonica/TP8-ListaTelefonica/src/listatelefonica/ui/ModeloTabelaListaTelefonica.java</file>
            <file>file:/D:/meu%20ISEP/DEI%20-%20PPROG/PPROG%202014_15/Aulas%20TP/TP8%20-%20GUI/Lista%20Telefonica/TP8-ListaTelefonica/src/listatelefonica/ui/PainelInicio.java</file>
            <file>file:/D:/meu%20ISEP/DEI%20-%20PPROG/PPROG%202014_15/Aulas%20TP/TP8%20-%20GUI/Lista%20Telefonica/TP8-ListaTelefonica/src/listatelefonica/ui/PainelListaTelefonica.java</file>
        </group>
    </open-files>
</project-private>
