<?xml version="1.0" encoding="UTF-8"?>
<project-private xmlns="http://www.netbeans.org/ns/project-private/1">
    <editor-bookmarks xmlns="http://www.netbeans.org/ns/editor-bookmarks/2" lastBookmarkId="0"/>
    <open-files xmlns="http://www.netbeans.org/ns/projectui-open-files/2">
        <group>
            <file>file:/D:/meu%20ISEP/DEI%20-%20PPROG/PPROG%202014_15/Aulas%20TP/TP7%20-%20GUI/Projeto%202014_15/Conversor/src/conversor/ConversorGUI_3.java</file>
            <file>file:/D:/meu%20ISEP/DEI%20-%20PPROG/PPROG%202014_15/Aulas%20TP/TP7%20-%20GUI/Projeto%202014_15/Conversor/src/conversor/ConversorGUI.java</file>
            <file>file:/D:/meu%20ISEP/DEI%20-%20PPROG/PPROG%202014_15/Aulas%20TP/TP7%20-%20GUI/Projeto%202014_15/Conversor/src/conversor/ConversorGUI_2.java</file>
            <file>file:/D:/meu%20ISEP/DEI%20-%20PPROG/PPROG%202014_15/Aulas%20TP/TP7%20-%20GUI/Projeto%202014_15/Conversor/src/conversor/Main.java</file>
        </group>
    </open-files>
</project-private>
